uuid,first_name,last_name,birthday
d468b471-5d03-3ddd-9845-42fc1f05c5db,Vítor,Baptista,1993-10-05
d6221a93-e768-345b-9dee-d9b5b4b69bf8,Clara,Vicente,1973-07-20
2ded8890-379e-3149-97c2-2e2886bdeac6,Laura,Loureiro,1983-01-11
e01bea58-e7ba-3682-8445-c5c32784a182,Viviane,Pinheiro,2007-01-26
4f94f523-7cd9-3ce2-8f7d-444fc95d266f,Diego,Garcia,1994-12-22
6e29f923-99bb-3ba6-9e96-124321b58e7a,Salomé,Pinheiro,2011-10-03
4c490e23-d27b-33c5-8a80-aed89a05adb5,Rúben,Moura,1995-07-29
5ebd3ad9-15ee-35b7-86e1-3a50bac72b1a,Isabela,Amorim,1979-03-07
ed5217ca-0dc7-3fde-8cb8-94edaff34297,Violeta,Correia,1996-12-08
bfa9dee8-885f-3d75-b177-46d0d6896a99,Jaime,Assunção,1986-05-18
35f58412-db6e-3048-8473-b46d7120f04b,Alexandra,Moreira,1975-11-10
83e962dd-9b4b-32a5-b5e5-2f819af2e8e2,Mateus,Ramos,1992-08-09
3588e9ed-75ed-369b-80d4-dfab3e1fc8e0,Mia,Macedo,1999-12-28
f60e19f4-89ce-3551-ab35-d8f803b52036,Mariana,Andrade,2012-05-10
1159de05-37d3-35be-8327-1194c141a31d,Violeta,Ribeiro,1994-01-17
84471a26-3b95-383f-a12f-e299fe25c8cb,Leonardo,Rocha,1992-06-14
863100d0-dc89-34fa-b2f0-ad1787ecb7b9,Raquel,Maia,2007-08-07
54e9f7bb-9908-338f-b551-7773e27fc680,Nádia,Correia,2017-01-16
365dda15-afac-3973-9c3c-81e21b4a684a,Flávio,Moura,2006-04-17
a4be0e02-0e51-3ec8-8cfb-93df93321b09,Ângelo,Vaz,1980-07-07
7c7c7854-ec1c-355d-a796-075afed45d95,Lara,Pacheco,1986-06-16
8d238dc4-0da1-372e-b630-2ca95a54f5cf,Mário,Moura,1994-02-13
90bfe360-ad97-3343-8e18-62b1a3029dff,Benjamim,Lourenço,2003-04-17
2c1a4328-9306-303b-be7a-37ee69f9b492,Soraia,Anjos,2005-10-13
5797505c-9913-305b-a196-f286af4fa311,Vítor,Carvalho,1996-07-26
5c05535c-ac7d-33ab-9eec-9f6c59080ee1,Catarina,Guerreiro,1980-08-14
35640894-a23b-330d-a138-a42a829a6cce,Vanessa,Garcia,1997-07-15
4bf005f1-0c63-31fc-a1a0-88443ad9927e,Carlota,Fonseca,1987-08-21
48f24aee-b756-31bf-ba28-33573cfcfc5c,Guilherme,Branco,2019-01-30
582feecd-acb2-3126-9078-7e08d5bf12f8,Pedro,Coelho,1974-01-12
e835ac02-ea97-32b8-939a-2eca90ab4782,José,Castro,1978-07-10
7b676b70-bc2e-3325-8231-98f924a88b01,André,Esteves,1974-05-09
528d513f-3d75-360d-8934-628ac3f43dd2,Sérgio,Miranda,2000-07-06
37932e56-f7c8-32c1-a99a-3fe6108844eb,Nádia,Macedo,1994-08-25
548e5900-01e0-3333-bb08-9537a7906525,Irina,Lourenço,2016-11-16
843338d5-5e19-3ee8-942a-30e9cb264a0b,Raquel,Moura,2021-02-20
b4163c4f-3ed6-3e41-b6fc-fc812aca5138,Lucas,Barbosa,1994-02-25
b70dfdd3-80a0-30a3-9bd1-234d8a6eb572,Mateus,Esteves,2010-11-04
f3955f30-80e6-386e-8424-74fa05e439b8,Fernando,Cruz,2009-01-01
4a082e3a-b1b5-3755-a5f8-ba796c2fb770,Yasmin,Vieira,2015-10-03
238ac298-da12-3ac9-b93e-1bf5367a57e0,Matias,Ferreira,2017-01-09
f7557050-8877-360a-8417-286e05c6cf50,Alice,Faria,2010-04-05
b746a4a2-37cb-3799-a88f-d1f035d3062c,Eduardo,Branco,2018-06-30
1a7b8a9c-b9c8-304d-884f-932b85d558e2,Marco,Macedo,1997-10-15
2fda899a-16a7-3fda-ace1-2f5515318a7a,Flávio,Leal,1995-11-16
39bdee96-2fd7-3b36-9db8-b9bc0c570bea,Francisco,Assunção,2020-01-05
1758c8bc-ed56-3164-8912-5441a8df624f,Fábio,Fernandes,1975-08-04
23edeb66-a905-3ee8-b9bd-50dc6784391f,Martim,Sousa,1988-08-19
37f17110-9339-3d6a-a788-a1f93cb3a420,Anna,Maia,1983-11-07
038a3b8c-ea20-3149-88b4-107e13cacdc0,Bruna,Nascimento,1997-01-04
66e8e61c-31e3-3e98-8b67-5387843010af,Érica,Domingues,1994-02-13
272b5acc-2397-3002-b1a9-95938f0fbbaf,Patrícia,Magalhães,2018-03-15
1c23fa1c-1f46-3073-9810-b2db8f7fd3bf,Edgar,Amorim,1970-08-11
170e1e8c-d6e0-36d1-9993-1e33e44b83f0,Lorena,Guerreiro,1976-07-14
3d6dac00-6d05-3730-bcab-d7a766c5ca19,Carlos,Baptista,1997-02-28
7a341724-862a-3789-9975-26085eb5f77e,Fábio,Anjos,1987-01-16
ce865429-24ef-3b95-a1a0-0ee92031235e,Hélder,Silva,2003-08-26
687efae2-0cad-309f-94f0-ef3c83a7ce26,Sérgio,Lima,2013-07-06
0507ed8c-e355-3aae-a06a-bf92bf93be42,Francisca,Rocha,2001-10-24
deac238a-c955-3f89-90a5-355dbcc9a470,Diego,Vicente,2016-03-25
a3665d5e-2209-3fa3-8aa0-d05c1dec8f39,Paulo,Matos,1980-04-30
68b3fa4d-d61e-3213-b8f8-64c6fa45831c,Kelly,Sá,1998-06-22
166293e6-19f1-3406-805b-1fa1d790c52b,Isabel,Tavares,1976-10-05
7449487d-83af-3f9b-9b73-800d1cff69e4,Mélanie,Moreira,2010-06-24
ee6186dd-4ea0-3dc9-affa-515e6be8a213,Xavier,Castro,1983-02-25
9203bdc5-42a1-368b-954a-f3df1c122482,Hugo,Magalhães,2010-09-04
1b40119a-829e-360e-94a8-b17609a87dc9,Enzo,Guerreiro,1970-04-04
80668267-5aff-35e0-8f1d-12f79b1b7559,William,Ferreira,2001-08-17
b0fe5970-cfd6-31f6-8251-b6c90afb9583,Edgar,Antunes,1986-07-04
9dec5f42-8ab6-3464-af18-0ffcd6148af0,Mauro,Machado,2009-03-11
098df1be-314f-3522-b4b9-ad797547a9f2,Constança,Marques,1978-12-22
6de1f215-9a8c-3175-8f21-16443b5c1c5e,Júlia,Brito,1972-11-14
d11489c0-7538-35ac-af22-87e19572f45b,Xavier,Amorim,1996-07-19
2372c067-5f0f-3ad8-9f79-05e10cac5e27,Bruna,Simões,2001-07-19
2055b0fd-2b64-38be-8091-8db94559ab2e,João,Leal,2000-03-03
3d3a9129-a833-3d41-a4d2-7ab8cb69a677,Márcio,Lopes,1990-10-10
6cad003e-b4c0-3c01-8a45-5e01570766be,Samuel,Fonseca,2013-07-31
019bbfe2-e970-329b-82ad-80c0df8f2e61,Kevin,Macedo,2014-09-29
1db2ce5c-5c29-34a1-8fa3-3397d7e897b6,Érica,Costa,1970-06-29
dd3645f1-68e1-37cc-bcbb-8f0faed5c5ba,Nuno,Santos,1988-03-15
17aa130b-a8b3-3752-88bd-85d1f3846000,Samuel,Costa,1994-07-04
dd94b5e9-f841-3e50-bfd6-69bf287f7cef,Alexandra,Oliveira,2019-05-06
002a5c66-6649-3e49-9b34-f5ebdc96d254,Patrícia,Henriques,2001-08-03
2eb645f7-1d89-3aa6-8b7c-8c07b93b7ef1,Íris,Moreira,1982-05-27
ec4b1aec-79a9-3fb4-9581-d7279b21eadf,Mara,Silva,2006-02-09
96a8e77d-00fa-32f7-8534-d3a6d128b92f,Frederico,Moura,1978-01-04
c19a0b02-e32b-3091-80c5-38f14afaf373,Benjamim,Ramos,2004-10-13
f01d8116-167f-3edc-8150-b1fe9646fd53,Duarte,Campos,1979-10-19
88124004-e325-3238-8039-0b67ef42b27e,Henrique,Assunção,1992-12-07
4f4bd1e8-5d09-3b80-b573-51590afb841e,Renata,Neves,2003-12-31
8462b229-942b-3fb7-9159-59ffbed33ac6,Eva,Maia,1975-12-25
6432ee36-b729-3969-9627-cd003053a59d,Rodrigo,Ramos,1995-10-05
864cc5ca-904a-37a6-91cc-eb5bdb3e3562,Dinis,Ferreira,2005-02-26
fe30f6ec-5fa3-307c-85c7-2f770ee1666f,Hélder,Andrade,1971-02-08
9ce447fc-25ac-333e-95fa-db5d60286562,Sandro,Mota,1973-11-01
db7d3a4d-5d87-333a-8b2b-d57d7fa8b75e,Enzo,Gaspar,1979-02-22
7e5b54e0-15bf-3cc6-8fc7-741a815afa37,Diogo,Monteiro,2014-11-01
ce92fe84-73e7-3661-91db-9eb19be2e125,Igor,Antunes,1981-11-05
5309399a-f44f-3881-9053-e696b5348a39,Lia,Martins,2004-08-09
c526d3ac-9061-371a-934f-42768f3355b7,Vicente,Silva,2014-12-21
d877a9a2-2ee3-38ed-94c4-0db36fb9e244,Catarina,Matias,2001-11-27
be5ec801-2057-37f7-b41d-e6bb7dad1672,Mara,Leite,1971-12-21
a5d7b77a-84b5-3903-b290-ea4140ab7db6,Laura,Vicente,1978-07-24
cf48434d-7f90-3552-9ca0-99bda849d44e,Filipa,Pacheco,2003-01-18
5a01df88-8544-3be8-a37d-df094e86333b,Isaac,Henriques,2008-01-17
e1784b8c-f18f-37ee-bb0e-02ab0afc325c,Vitória,Marques,2007-05-03
5680e20c-d96a-35b5-a2fe-dcec94491a83,Inês,Campos,2016-04-17
7a82d59a-9ca7-3866-927d-2958a4a1fd93,Salvador,Pinto,1970-05-26
89b8bfc0-ce54-39a6-93b7-cafc4535bfb7,Denis,Antunes,1994-10-05
fbcd9d89-8aba-3f4e-8223-579376536858,Marco,Amorim,2011-06-03
ba0cd69d-831b-3a45-96ac-309dedb3aeb4,Fabiana,Garcia,1980-07-29
324db697-25fc-35c1-bd11-d75513401c5b,Filipa,Neves,1999-10-09
b5fa8aa5-2fab-349a-ae29-8c76a55063ec,Soraia,Brito,2003-11-13
26a9732b-ad4f-3f9d-bb80-c89d2137edba,Eduarda,Simões,2017-03-23
7636da4f-131d-3695-a789-bbb6a1eb090f,Tiago,Esteves,1974-12-23
12fcb56a-caaa-3973-ab8f-deb1371cb2f1,Vicente,Santos,2018-12-08
3f696f68-6bfb-3322-b68d-223025435371,Matias,Simões,1973-08-03
99e0933c-718c-342c-9017-4a5a4acca4c1,Marco,Paiva,2013-01-31
4740ceca-e48c-3cdf-9e28-e3d8ee6ec6e3,Ivo,Oliveira,1987-07-05
ef6d2fbe-09f8-3458-92d2-4ede20cb14ea,Nádia,Almeida,2016-09-01
5985cdf0-288a-31b9-9153-e2b6360b9705,Lucas,Castro,2003-09-02
115e8326-959e-310f-af1a-0bc9298974dd,Violeta,Domingues,1976-05-22
3689e0ce-8ee1-340c-9846-cea1a976aac1,Duarte,Pinheiro,2007-07-25
7a54f783-e0ef-3e41-bf68-765c76f7b416,Neuza,Fernandes,1992-12-18
12bdee12-8e6b-3675-adbf-d3cae4798064,Francisca,Anjos,1994-04-08
739e2091-3f5c-3460-bcab-679470c4ae25,Núria,Batista,1979-12-18
0952b8c8-ca86-3b9c-a582-0de4d686d9e2,Rafael,Matos,2000-12-16
df7e422d-01da-3eab-a257-9fa9c81734a8,Teresa,Batista,1992-03-07
882d5859-1ce9-3fb9-b2a3-a438e8380525,Beatriz,Miranda,1996-07-23
3a19e457-5c4f-3f40-b0f7-cb60294b910f,Nuno,Pinheiro,1985-03-01
883108ce-fe03-394f-a1f4-8e1b973bf246,Beatriz,Figueiredo,1994-06-19
24d450ae-5070-3e3d-84ef-0d0650ebb0e4,Débora,Fonseca,2012-07-30
b16294c5-ec73-3155-b5df-8f8937e16321,Vítor,Gomes,1990-04-05
9840b4b8-c82c-3585-b841-97ebf1f7c6a9,Luciana,Neves,2019-08-22
994346cf-5064-38e4-9ace-ec303db34305,Camila,Soares,1972-08-27
6b17225a-91d7-3c8f-b68e-e8692c80e9cd,Gonçalo,Gomes,2001-01-24
57e7cacd-0dbc-3078-a60e-0b55bbf4d6fb,Ângelo,Vicente,1989-01-13
27e0ed8e-fba6-3610-8523-3cfe1d5269a9,Victória,Batista,1995-10-15
1394f909-aa33-304a-b2c0-5309909b2ed0,Matilde,Ribeiro,1983-10-31
857ecee1-8327-3ae2-bdf5-fc2ded143744,Verónica,Neves,2000-01-07
c83f9cdd-5364-3a2c-9dd3-04def941ac82,Sara,Cunha,1971-04-28
e5b64299-067a-3d81-b161-1ea1aad39780,Patrícia,Figueiredo,1985-09-26
9735b585-eda4-32c9-b815-aa6acbea6a2b,Renato,Matos,2019-11-18
76a1c853-fcd7-302c-8d62-3251b486b718,Luciana,Miranda,2005-07-14
a15a35c1-222c-3c0b-b877-6d709391c7d8,Beatriz,Ribeiro,1981-01-16
9dbd26a4-c04f-315b-84b1-a2793b91d1e7,Joana,Matias,1992-04-09
52d5b6fc-840a-37b9-9e04-e2ff3c685128,Íris,Branco,2003-08-20
0012c002-879c-35b3-873f-173006fd2cf0,Alice,Amorim,1981-01-23
130fb383-d9e7-3b43-9083-50c85ff5352b,Rita,Pacheco,2000-11-11
570a6192-b22b-3375-84c8-e72ee4d28b60,Lisandro,Coelho,1981-03-13
a90e2646-d5bb-3291-a1df-e301b8d326f0,Frederico,Cardoso,2014-02-03
f49b7759-7678-35d2-87e1-934020f86d39,Marcos,Neto,1973-07-14
fe277176-b7a5-3858-ac79-ea54b40ea45f,Pedro,Reis,1972-11-07
573e77a3-e65e-399b-956e-6a0861ef7d72,Vicente,Barbosa,1981-06-30
7b52360e-683d-3d30-abcf-9e86f86a8801,Victória,Maia,2009-08-08
518d1034-bb56-3fdf-a2a7-f4b6cf203b33,Mafalda,Campos,1976-01-31
c2f7b898-b37f-3a67-9bd9-1c1842f254f3,Neuza,Cruz,2010-01-07
b16ba8ba-0c3b-3852-baa0-03e3adc79f77,Kelly,Moreira,1995-04-23
78366f6a-b0c8-3e91-8070-cc771100da00,Valentim,Soares,2015-10-29
6bec8882-bf20-3183-b34b-72ca021ecdd5,Vanessa,Lopes,1990-05-28
196683ff-3fbb-370a-a9e1-4a4080869a5e,Flávio,Macedo,1981-01-04
135d7d7c-22c1-3df4-b6c4-4070655b5a28,Yara,Cruz,1982-08-12
d34ae555-7b64-3eec-9803-c2732cbd2a2d,Martim,Moura,1999-01-24
3f1036ed-3595-3ff9-b9cc-e5f4c60fb53f,Valentim,Cruz,1997-10-18
a4ae374f-46d2-38db-8816-4a6e144743ca,Frederico,Castro,1974-08-17
f02043c3-67ea-3646-8500-737885401aaf,Carolina,Oliveira,2016-11-14
6c786b52-bae6-3ff3-a779-cddee14598b5,Sérgio,Leal,1997-03-08
6aa3e548-fbd9-3467-9992-412b9ac7c13e,Luísa,Cruz,1976-08-27
a3256c56-70d9-38fd-97bd-ffcafa0d0a2d,Lucas,Ramos,1985-04-08
6587add1-c9f4-3124-94cf-d393427c45a6,Mónica,Paiva,1982-10-21
9b5003e1-a280-37ef-8f96-08676cad4b21,Bianca,Baptista,2011-03-29
200458c3-ecdb-3604-87d5-7130a7ccdf08,Diana,Alves,2016-09-01
1b2d5c98-55d2-33c4-bfab-5efcb70d6f63,Patrícia,Paiva,2012-07-31
34d6cd0a-81bf-31ba-b0ff-bc0ce9d313bf,Lourenço,Araújo,2004-06-25
4f36492d-457f-3ab3-8d99-e1b46c654a52,Mauro,Costa,2001-01-12
8f653880-a3da-3017-b7f9-60a2bb97b953,Vanessa,Amaral,1998-08-15
c0aae9b1-7b95-3234-8c79-b293fb41ece5,Mara,Loureiro,1995-05-06
ad49a3f2-ef3d-3383-9df3-4ba9cb41c0a3,Doriana,Valente,1988-06-27
46274ada-737e-3d4c-866a-286ed16ba1a4,Tiago,Magalhães,1999-05-18
2a4606ca-7072-36cd-a948-abbcc1b348fd,Santiago,Cruz,2003-04-14
19576f88-cbdb-321e-a887-d13a49e9e4ea,Rodrigo,Azevedo,1971-11-27
61b0c1cd-e5d7-3480-9d2a-c426bd44778f,Gil,Lima,1970-04-12
a9bf94d2-647d-3778-855f-0958c4a4ea94,Luna,Gomes,2001-01-10
b9e6b635-c843-3928-a651-fbfefe4f2cf0,Iris,Correia,2000-03-24
75fa5cb9-d5b0-3f05-9f56-c606db385138,Denis,Martins,2016-06-07
7b0b4d6b-93de-361b-bb83-e9dfa807c49e,Renato,Henriques,2019-09-15
f67e70f0-64bd-3bb3-998a-c63356d57bb8,António,Leal,1985-09-27
c5f896db-2dcb-354c-9f8a-21cbe99730a8,Benjamim,Barros,1978-02-16
0f573421-f704-3d2f-991a-3507540f5157,Rúben,Pacheco,1971-03-15
aab266e7-6706-339d-b0e4-575d5c6729b4,Dinis,Matos,2001-04-06
3041c487-c088-37c9-8fb6-b71e8ad2edd4,Filipa,Correia,1987-01-10
916e9ee6-86ff-3910-8eda-945c6064e17a,Ivan,Amorim,1972-07-28
b602f309-7c64-30f9-9833-fc4e4f79e2e6,Vítor,Gonçalves,1974-01-11
c2b6bdc2-41e7-3bf2-beba-7d41d4a42b8d,Raúl,Moreira,2002-01-09
d06c253d-832e-32e4-ba33-01c7eb6445f9,Mauro,Carvalho,2001-06-02
d01910cc-0802-3f64-af18-5b4160112ec4,Santiago,Vieira,1994-11-12
591d4e83-744f-3c17-8ae4-d95958cef143,Mateus,Cardoso,1994-06-20
540ea97e-d22e-3fb1-b908-5b335f6a5d75,Violeta,Matos,1973-07-08
6fb98223-6211-3ce2-ac64-58b9b095e0e9,Alice,Macedo,1997-08-11
971c58b9-a99b-38d9-b578-5ffcec151f76,Diana,Garcia,1992-07-27
2ca711b6-226a-34ee-99d6-6bd8007d9bd5,Benjamim,Costa,1973-07-30
bbc3f64e-ae8f-3101-ae56-1b45a0bfb92f,Gustavo,Lourenço,1975-09-11
9ebf810f-30eb-32df-b2da-f11de1fd6f15,Marta,Ferreira,1991-04-09
74db772a-0207-3571-9118-07aef6a89218,Mónica,Araújo,1984-05-29
1cb6185f-94fb-355b-bf03-54091d4cda40,Márcio,Vaz,2018-04-18
171e02f6-0f9b-32ca-9540-384232f2c824,Daniela,Cunha,1974-05-04
7dedfd9d-9f04-32b4-ada2-c405b7237af7,Nicole,Ramos,1986-10-10
9db8bdd9-7f6b-3a45-889c-a1ea53ba867c,Luís,Paiva,1971-05-28
735528d1-13d8-3ca6-9a73-d89eb8b48404,Rafael,Macedo,1977-06-18
5843d28c-127f-3fef-9cc1-6bd1f16e1dac,Ricardo,Guerreiro,1991-02-18
3507e503-e6fe-3d5e-9bca-b40cfa8e7422,Lucas,Brito,1972-10-20
8f8ec149-b48c-3464-8e54-1dbb9b2f8bf8,Wilson,Leal,2021-01-17
3e5b23c2-fb1b-34b8-8457-61963faadd0f,Filipa,Torres,1989-08-03
883fad3c-91d2-3f7d-8857-d8b7cd4253be,Lucas,Mendes,2003-08-15
981c978e-2a18-3d3c-83bc-8bfcd9db7344,Daniel,Figueiredo,2012-04-15
be604413-9793-3661-baab-c8ffd5e3149e,Madalena,Castro,1997-06-23
e9680c62-208c-32b1-959b-1768c4c02e86,Salomé,Gomes,1973-07-27
36c92fe4-3dc9-385c-bcc8-7525081c90f4,William,Ferreira,1978-10-30
a0e4dd87-2670-3c36-bd57-adb644b601f0,Frederico,Pacheco,2010-03-02
cfab1d41-7d04-3de1-9ed8-2b94569b9558,Patrícia,Pereira,1974-12-27
0a40b166-dbeb-39e5-a683-6f948d031bb8,António,Azevedo,1978-06-09
a63cf2bb-aa69-3f61-ad4c-79e55242d802,Miguel,Pacheco,2020-09-10
d8ed90db-4c26-39c0-9c82-25e16d981e7f,David,Correia,1980-09-24
4fdbb476-8659-31bd-977d-e53822eccd06,João,Amaral,1990-06-29
320514c4-245d-3038-9e9e-02d0e47e8589,Rebeca,Silva,2013-04-21
b70ab3f7-7841-3340-b876-be121dcf9aec,Artur,Correia,1996-02-28
48decb18-7d08-3147-988e-ab9c0f08d1a7,Leticia,Ramos,1990-04-08
5ded9f43-53ea-3925-af20-58a26723da27,Joel,Neves,2012-03-23
1bf4abc1-f40e-371b-8d24-8ac72cc3f12b,Melissa,Ferreira,2009-03-18
b6877ddf-c897-3fb5-bf72-28b89d1c1f5b,Luís,Ferreira,2018-05-19
10ff2125-bd9b-3f42-aa47-ba81a51083db,Joana,Leite,2003-05-21
4df8f25e-b9aa-3085-a9d0-0233a0f7fb96,Benedita,Reis,2015-02-04
f734eae8-348c-311c-bec6-bd75f6f21695,Carlota,Castro,2000-07-15
273d9c67-fd6b-3fea-a92b-d50a5a7dd6f2,Flávio,Torres,1999-12-07
eb4688a2-de34-34aa-9423-ac5a4c8c53ff,Ivan,Leal,1986-06-22
24059133-9e9b-3290-b896-625e12c74513,Gaspar,Ramos,2006-04-19
28e71f4d-0030-3e30-8314-406953989d1b,Patrícia,Coelho,1996-10-20
83d34775-05df-3334-9a4d-3e25ed0a51af,Tatiana,Amorim,2020-07-01
35202564-e6d5-3978-a721-05a533634f12,Kelly,Mendes,2012-09-24
3c23126a-a64f-3afb-8562-4778401687ba,Cristiana,Mendes,1973-08-23
870c93ac-c419-3846-b44f-4efbda64c3d1,Duarte,Simões,1994-11-19
5f7a5799-2667-3f7b-a37e-4f2010921e7e,Valentim,Lima,1976-08-05
4fc63f33-ee76-3061-be96-49c632a9b33c,Inês,Silva,2015-10-18
af926a28-a739-3b72-814c-5f1547bc55c4,Samuel,Batista,1998-08-31
b3d5790c-3767-34de-8b38-4f284b7b63d0,Samuel,Leal,1972-08-09
df9a8094-282a-359b-ab7e-2feead0c01c8,Margarida,Pacheco,1999-06-03
e00b2bfe-f857-37e1-8f25-99740218a5ac,Alice,Gonçalves,1975-09-12
c6faf773-79a8-3b25-bc37-d77cdcea6edc,Edgar,Leal,1991-05-21
51d4aa80-bb28-39c6-bbc8-3ed61fac6744,Márcio,Tavares,2018-02-21
b9f065d1-6915-3a6d-aa0a-dd0a7bae5295,Patrícia,Henriques,2012-06-03
6aefb2bd-2f27-396c-9673-86a82de45295,Clara,Fonseca,1979-05-26
fc6e1051-398c-3827-8596-21035f288564,Vasco,Cruz,1990-09-26
78847299-43bb-3e94-9422-5ff5e71e40b1,Sofia,Moura,2006-07-08
f8b5b193-66d2-37dd-ad58-d5d5d33e8281,Mário,Carneiro,1997-08-23
94d277f4-dbf6-3479-8e5b-63081a5f298b,Mia,Assunção,1996-08-12
fe6610e3-c432-3b8d-b5a4-a06998de34bf,Rita,Jesus,1990-07-02
4783085d-917d-33ec-8fdf-edf3df4fc20b,Lisandro,Reis,1982-09-20
e2492581-7249-3cdc-8d2c-a49e55e2f9ca,Iris,Andrade,1996-06-17
7744097d-ca0a-3dcf-a28a-aba0a110179a,Lourenço,Mendes,2020-10-03
23403258-7c72-347c-94ef-96d4bea62398,Mia,Antunes,1992-06-20
0a656872-2707-3641-9323-f17d55312f37,Ivan,Marques,1976-06-28
2e17041e-216b-349a-b48a-7406e72a7236,Patrícia,Macedo,2005-08-11
4eccb7ff-753c-316c-897c-caf6e9dba7f4,Mauro,Valente,2007-02-06
a86cad9e-79c5-34f3-a5ee-aecdd6b290cb,Ana,Ribeiro,2009-04-02
c4011e22-9678-3a3b-b8e2-67822f8d8ec7,Débora,Moreira,1999-07-12
a700e1cb-06f2-33f9-a60b-ea224bd0ec97,Laura,Rodrigues,2004-12-16
d312a546-e669-3aac-a9bb-03fbb13a02f4,Renata,Vicente,1986-05-16
5fd21c0e-62ef-3a70-9286-8a387d57502a,Madalena,Reis,2019-05-28
d88efe76-38c2-3607-b92f-74891b7d1388,Camila,Henriques,1991-06-15
24dca53d-9644-3b89-a7f0-dcd174d41802,Vicente,Nascimento,2018-10-08
66ee4d51-2d03-30f1-9db3-23d6c2f6ef84,Igor,Rodrigues,1998-03-17
f414b5e2-a957-3d51-b692-b7019f4f40ee,Carlota,Matias,1988-02-12
c83f1984-4492-3506-9d94-e5235ae0de6d,Cristiana,Batista,1971-10-29
c1c2336e-0603-30c7-a6c3-63a2ccae9c6e,Erica,Mota,1979-11-17
bbdb44c4-2c61-3e56-8655-4b3c36fc8d3b,Mateus,Almeida,1989-01-28
90f97e26-4965-3206-9db4-58161c7010c9,Guilherme,Garcia,2015-03-07
d7691122-d938-3e5f-ba26-f82933ac8f35,Sofia,Loureiro,2020-08-22
a7dfef60-4bf2-35c5-9fbb-53a4853afdc3,Francisco,Almeida,1989-07-17
0f162068-738c-3277-ae37-215bf17f4f66,Rebeca,Matias,1974-04-16
6ba24d80-80aa-3786-a647-b55f5613e80b,Kyara,Araújo,1972-07-09
5d3162f7-2c15-3c4b-818e-61e07f04faed,Beatriz,Garcia,2019-01-08
8c9a4cab-61f7-3f46-99ee-e74790025fe0,Ângela,Lima,1990-04-21
6484834d-c457-390a-b0ec-f12c3270ae17,Sebastião,Valente,1991-10-14
ed7e8660-012d-3270-85d0-cfe3e1b9d8a9,Letícia,Coelho,1978-02-05
a1388ea3-d548-3650-82c8-8951cd868935,Renato,Valente,1985-05-07
0bc00fb6-8484-3625-85a1-2937cfb3db20,Vítor,Andrade,2018-05-07
19036feb-ab20-3c2c-88fd-5a590dcd8f88,Renata,Borges,1981-07-14
d9faa625-d36f-3a33-9a42-35bac498f40b,Yara,Lima,2014-09-19
bb9f59f5-eeba-38d3-8bd9-355d37c83876,Leandro,Faria,1989-11-20
4ce12d0a-6663-350e-b9f2-2e074347df3d,Érika,Moreira,2001-05-16
5aae2c11-c607-3b63-9bbb-3373d7906dc6,Tiago,Santos,2012-11-06
86299b96-82ae-31fa-bf69-368b9e5673ab,Raquel,Pinho,2015-05-05
1a3909a2-e709-3e43-a01d-0788732a245c,Cátia,Batista,2012-12-13
6128b9cf-a105-3ce6-b2cf-f69520e31c7d,Isabela,Abreu,2008-06-26
3eb8ac93-111e-31c8-b3ff-899c8efcd16c,Doriana,Silva,1988-04-26
4e8c9bbe-8e98-347d-b2a4-5eb871019b9a,Vasco,Ramos,1976-09-20
1458a72c-f4db-3c3a-94f7-966901d8d3e5,Dinis,Assunção,1975-07-30
44ffa63c-0700-39ae-a351-16cf5b9b0b4f,Lucas,Oliveira,1973-10-21
dd7f6425-c4e6-3046-9c42-b21348d773f5,Gustavo,Moreira,1991-01-31
7fac1597-eb98-3313-93c6-a64fb2bf5418,Helena,Teixeira,1996-07-07
52f7c330-e919-3eb3-8e36-5d484744ea4f,Mafalda,Esteves,1978-03-02
a23dec7d-5a51-30e0-89a8-5751de6265c3,Dinis,Mendes,1996-09-28
615f1ea8-cbca-31b3-a2ea-6911b3a28d39,Gabriela,Valente,1987-06-30
01f59fcf-449b-3db5-9697-d14bf85d5cf4,Gustavo,Batista,1984-09-03
64f06b31-ec6a-3116-a673-676b51dafd66,Joel,Lopes,2001-04-17
5cc0e48b-ac8e-3e15-ae0b-353ce88c4562,Sofia,Baptista,2009-02-16
01290920-c1fc-3f84-9946-e1e1c3664ed8,João,Amorim,2013-06-01
da9078d4-d127-37fa-90ce-1b6984683cec,Erica,Valente,1991-06-04
bb2dc2c1-e247-33ef-9490-c5d6842a9a85,Vera,Marques,1984-08-08
0c8ccb0a-1705-359c-b7a0-db38b26600f7,Alice,Nascimento,1980-07-13
09547642-4802-3c3e-b8bf-3196fe74ec13,Bernardo,Magalhães,1980-11-12
ff861f16-a4d0-3c04-8b7a-659f60a67b09,Rui,Barbosa,2019-08-26
5302af60-7778-3049-a071-e993e95ac197,Eduarda,Soares,1987-06-17
6f7741ab-7ae9-3855-9bda-91ac2ca9f4d6,Emanuel,Leite,2008-04-09
bb9b326a-7295-3160-8021-8cd4241e8aad,Lia,Araújo,1995-03-10
e84a8290-0e0c-33ad-ae98-fd7f56e4e32a,Pedro,Alves,1989-01-05
447fb186-7945-3450-a743-5dc3e584bae2,Letícia,Brito,1985-11-10
85cf2ebd-6885-3c0f-a277-4b66903b8515,Kelly,Amorim,2016-03-07
4992232a-5eaf-325e-8e34-1641a4171681,Matias,Assunção,2004-01-03
1519561e-1d50-3910-8eba-789f80fc55ff,Mauro,Domingues,1998-11-15
49fda5a0-5caa-3688-a4fb-0156552ea464,Micael,Maia,2006-07-08
106a8ef6-6bd7-3e90-9de2-7823dfd7ef4d,Tomé,Baptista,2008-03-28
18df6a0e-4592-33f0-8282-678e6443d030,Henrique,Castro,2009-01-05
d45eb696-b484-3214-86fd-53e71a3a1fdb,Mauro,Assunção,2017-06-04
1e42d1cd-18c5-3921-8226-a9425a88a054,António,Matos,2015-08-26
7fbd302c-3882-3bf6-850a-fc0dfc17f19d,Rafael,Cruz,1993-03-08
fcc2be91-d196-3094-8792-a5709ea06d4f,Martinho,Silva,1994-08-04
4d9faeb7-f75b-3ed5-8c2e-7c6316125f6c,Luana,Correia,1998-01-22
a46b295e-1113-3634-8869-28228ec9be4b,Júlia,Vaz,1983-09-21
c2413e9a-0fcd-3a69-8351-d8775f52282f,Júlia,Morais,2013-06-02
ed1ef7f2-6e9c-3cff-82ea-2c0efa90a258,Gonçalo,Henriques,2019-11-07
5a95863d-87b0-3773-910e-9f2b5e64da73,Mário,Silva,1998-12-03
46b4b13c-7299-3a78-984e-83e41eefdf7e,Vera,Nunes,1982-07-25
7af75e89-3310-3630-8804-cd7e1bb13c77,Dinis,Henriques,2005-01-07
9d0a83c9-51a0-3184-a762-5e46fcbb1469,Diego,Rocha,1983-07-04
1cad53da-96be-315d-8c51-8143de5dbb73,Sofia,Esteves,1993-03-30
af26c961-6fe0-332f-873f-89b41ad44fea,Luís,Sá,1998-03-18
cb7bd55f-30a1-3d57-9d97-399951b131a1,Carlota,Borges,1971-10-05
c8742475-b2b8-3bf2-a4c9-1a390a9107fa,Núria,Cunha,1994-07-07
eb6e5dce-d021-38f9-a027-59f96a198254,Ângela,Pinto,2008-08-14
fc9bb3a5-5143-34e8-88ca-0f4cccf81b28,Liliana,Moreira,1975-10-20
4c225211-bcfb-30be-9104-fff0431ef9bb,Salomé,Neto,2015-03-19
1772dd2b-a0ac-341c-b1e5-20a2cca182cb,Neuza,Lourenço,1986-08-16
f45737d1-2f3a-3f61-80fd-55fca7628b52,Rúben,Magalhães,1972-08-29
e5da7ced-8127-3800-97f0-2d24d5ee27f0,Cláudia,Vieira,2012-06-03
7f2f4f25-71d9-333a-b071-5aaa1773a7d5,Francisca,Amorim,2014-05-25
9cc32360-2663-3ecb-8e40-073206def0a5,Viviane,Lima,1987-07-13
601366fc-47c2-3585-b1bf-530ec1d276b0,Rebeca,Morais,1976-04-28
2cba8046-c4f4-3538-981e-2498d80c4708,Rúben,Santos,2017-04-03
7a4db594-4e4f-3199-b5cd-4fe59149e060,Bernardo,Carvalho,1981-04-24
9722c9ce-b4bc-3209-b2ba-4968325ee8c2,Francisca,Pinto,2014-08-21
6f794b07-e6d6-3bb8-a8ca-d8923df01bb2,Bárbara,Maia,1999-01-04
bfc6319f-41f4-37c4-a31c-d42a8823d9f6,Verónica,Castro,2018-04-01
6f245980-417f-3d93-b2c2-3a5af97b8074,Kevin,Pinheiro,2016-04-05
d2b8193e-c128-3d08-9127-cf36ac1afd7a,Vitória,Carneiro,1980-10-01
076095d7-cf04-3b90-88c8-406136990b19,Luciana,Leal,1999-11-29
6e7179d9-7a26-39c0-ab89-fd5c77582e4e,Violeta,Vicente,2015-02-18
7e9dc8f1-7754-3b57-b7da-c32c3dbc6b42,Lorena,Jesus,1998-06-01
27e9569d-0d4b-3360-9716-78b9fc80a9d3,Martim,Nascimento,2014-06-16
2fcb5340-31c0-3409-bbd0-1e66961d4312,Kelly,Guerreiro,1996-10-14
b69f3a6d-cf1d-3d43-ab2b-1bf4462d0170,Bruno,Gonçalves,2009-07-27
b6fb402b-0cba-3e70-9997-1675f94a11e9,Vasco,Freitas,2020-06-11
dfd72f3c-8563-3316-bc0f-ec2a3be14e86,Sara,Matias,2011-01-14
478fdc32-dc67-3d12-a41d-24cfe552ad62,Bárbara,Santos,2003-09-04
4401fa33-02f2-323e-8aad-e2b5ed8b61e2,Tomé,Cardoso,1990-08-18
476c2907-1da6-3bd1-9cb1-7e696a1dc865,Carolina,Martins,1970-09-03
59445ec1-fe8e-34f6-9cc7-ad0c1b1e42f8,Benjamim,Carvalho,2014-01-01
38b76139-a615-349c-8928-e216600368a7,Fabiana,Cruz,1989-11-30
c34761e9-9849-36b3-8e9b-56504b65e8c0,Diogo,Gaspar,1975-11-14
b533abc0-24f8-397c-ab70-ea99dd118172,Yara,Barros,1982-01-29
631a55da-27e8-3210-ad00-e64e01b7b5d2,Vanessa,Teixeira,2005-11-18
e39bdaeb-d61a-3748-a7cb-8ea9ae6cdd31,Mateus,Lourenço,2004-08-24
2a9e4e62-bbe8-32e0-ad9b-f8edc6345551,César,Sousa,2015-10-02
3f3accda-ea7f-35b6-93ae-2dbfd1488947,Margarida,Pereira,1994-04-13
11a56f65-e838-3431-a3b8-c31696ebf361,Vanessa,Fonseca,1989-11-03
0a068c36-75df-3dd3-a22d-141c570915e6,Adriana,Anjos,1989-04-30
a8fa249a-a7ae-3c62-9599-8f0a19452919,Rafaela,Assunção,1982-08-26
fc877b97-4ae7-3dd7-9c01-ee1e643537c7,Alice,Costa,1978-05-08
fbfb3583-3762-3d51-aa15-c26aa6fe238b,Nádia,Leite,1971-09-23
2f80fa3a-7a31-35d5-acf5-af2c43bf085a,Nádia,Marques,1984-01-01
cca31613-6334-3db8-a141-5337ed80e887,Nelson,Macedo,1975-01-05
8cc6b8c8-4526-31be-8cb0-a124876a612e,Ricardo,Oliveira,1986-07-01
03d9b3b9-7c91-3713-ae20-b57e8384aef9,Isabela,Carneiro,1981-01-27
e0369b62-c9e4-3e93-9ed3-f5fc1224de67,Valentim,Santos,1975-10-27
ac92a796-2cdc-372b-b4b7-cbd3d85b9d8e,Cátia,Rocha,2009-09-02
ea54d544-ec43-38ed-82b0-d09542f5b1a5,Duarte,Figueiredo,1984-06-20
84167884-208b-367f-bab3-ce5b4cbef6b3,David,Abreu,2017-03-20
387cde62-2fd7-3cb0-b6e9-906328539ddc,João,Rocha,2001-02-12
4305ca0a-b529-3ad6-9a39-5aef91a18b21,Emanuel,Alves,2013-10-01
1c71c144-642e-349f-92e6-06dd9d0d5eac,Marcos,Anjos,1986-07-16
05bc0365-74c0-38c0-b707-f543f98d769a,Francisca,Paiva,1975-07-06
b7f1e447-1f8f-3619-865e-868213cee764,Hugo,Melo,1979-08-25
79a5930f-491c-3898-aca3-921d19646e0e,Ivan,Araújo,1974-04-27
8975ad3e-c2eb-3c63-8534-7a2ae43c6ad6,Núria,Mendes,2010-04-04
b258abd3-2efb-3360-acd5-08d6fae9de68,Hugo,Machado,1982-10-17
1b7de3ad-ecf7-330f-b11d-71104de0d613,Nelson,Amaral,2004-07-20
7bc0f0e9-37de-3755-97d5-b4eb234daa02,Jorge,Pereira,2006-02-18
796f2796-d3fa-333b-9738-79893b5d047c,Juliana,Ramos,1983-02-11
2a8e5ab4-938e-3545-a061-2b626d783d1e,Anna,Machado,1989-01-06
35f11545-3a71-3a42-b84a-2b897eaff99b,Afonso,Paiva,1999-07-06
d2cd8a23-6c7f-36fa-91ba-0540f5313047,Doriana,Araújo,1999-03-10
69305938-6566-3cf8-9c38-c4a44afacbd8,Jaime,Matias,1973-08-18
b21a3189-4f72-35b5-8c9a-28bae842e5d3,Vicente,Cruz,1989-04-17
e8c3f0b7-a6c9-3ba8-837a-f9264bf7ad92,Samuel,Vaz,1977-11-03
d7637765-c47b-3b1d-abfc-ffb934aeea06,Maria,Jesus,1992-12-14
5db538b7-9692-3991-a8b2-dbf0776f6f85,Lucas,Assunção,1995-02-16
a28bf83a-957a-3f17-bae2-c841bb0818d4,Cátia,Moreira,1996-03-04
feeee326-ae9f-3c64-ba04-2d3f2c92c9f6,Manuel,Andrade,2010-08-05
8ea75c64-e0e0-347d-92e1-0b39578a4d4f,Eduarda,Neves,2008-11-26
1888e5a0-b4d6-3fab-8aef-fa75becf8e6f,Rebeca,Jesus,1985-05-25
cacfbafc-1ea7-3be8-99d8-896b4d24ed43,Soraia,Pires,2012-07-02
2910b231-14a3-3e63-aad9-b871756fe708,Ana,Vieira,2005-02-07
16ff1657-6123-3a25-86b7-00f115165817,Victória,Amorim,2001-01-18
8e5ca32b-5d9a-338b-a789-aab0d54aa0d9,Vanessa,Loureiro,1984-11-23
3c01eae6-8cc6-3f59-b666-f5495d4c44cc,Luana,Martins,1972-12-04
f4761e09-e546-3606-bacb-dd2a472a28fb,Margarida,Moura,2002-12-25
7fbe0a01-5489-3816-819c-f4846cd71ec7,Raquel,Gonçalves,2017-09-09
ae30a783-e298-3a21-b1f0-9f599fb37807,Alexandra,Domingues,2008-10-23
866035fc-8c09-360e-b7fb-a21991f5851c,Catarina,Barros,2020-05-09
ec586472-ed8a-38ff-807b-c94c022dc7f0,Carolina,Matias,2009-11-01
73f8eff7-376e-3d99-9506-565b25c9404f,Afonso,Magalhães,1987-03-30
03bec64c-8bdd-37a2-a97a-63376412aa47,Mauro,Sá,1981-03-10
d16aafe1-6eee-366e-bd23-acfe2fdedfb3,Matias,Barbosa,2016-06-12
388d9048-daa5-32d1-9c55-6597ab15f787,Alexandra,Barros,1992-09-03
4b838444-986a-35ee-8652-ec077a315ab8,Ivo,Rodrigues,1984-10-24
4a7653ff-5000-380d-b91c-803673b49c1a,Mafalda,Domingues,1993-07-28
3b2feba9-79c4-3a68-80f6-c811b2249ea7,Anna,Pinto,1984-03-22
b0380dfe-d4ac-30c9-ae7a-047356e1a8e0,Mélanie,Pinheiro,2002-03-14
8692921c-73de-3fa0-b84c-506c41798f0c,Marcos,Campos,1977-09-19
a41218e2-360f-343f-bf72-59b8770d4aaf,Margarida,Araújo,1993-06-08
40137046-8e82-307c-861a-17c401a9788b,Miguel,Gomes,2002-07-22
48f11a70-fdf9-3112-80e5-06dbf3a30bae,Neuza,Teixeira,1971-11-07
61fd7fd6-3d5d-3719-a5ed-a32f9728d9e3,Júlia,Pinho,1971-02-06
e0df75cb-9b2b-3fdd-a859-ca7fe1453d31,Tiago,Freitas,1992-11-17
d9681bf8-3d50-36a3-8868-6e5024f6f822,Salomé,Antunes,1980-03-18
2905ddd6-2713-347a-ad64-2bb2ef597cde,Lia,Guerreiro,1986-07-12
0ad8c678-e333-342b-b41e-83a13c2d7020,Camila,Paiva,1977-03-13
b568ffb7-e92d-3b8d-85d7-8f0bac993cdd,Alexandre,Amaral,1973-05-04
baa4dc09-f2f4-3a2d-9982-ac52d9ab647b,Raquel,Pinheiro,1991-08-17
0ebec269-73af-3b9b-b28d-45d926967657,Francisca,Almeida,1981-01-29
090c134c-fee5-318a-ac55-d8a6135da940,Débora,Valente,1998-06-28
f8c17e72-d5b3-30a0-a43e-64139a62c68e,Matilde,Garcia,1983-08-21
58df118e-137b-31f6-90d0-f948343a7887,Vicente,Matos,1990-01-22
e06aae89-6547-3da5-8f7d-d5ef4e203286,Gabriel,Nunes,1993-08-09
8fc0af35-9f95-30b6-90b3-14e851804d7f,Ângela,Rodrigues,1990-02-27
6eada124-3a6f-3122-9adc-086f210be3da,Martinho,Jesus,1970-04-21
e8427d46-11ac-3fdd-98df-19e8611dd1b2,Nuno,Esteves,2011-08-30
6361e487-6e9c-33da-b8dc-f5d4a7bffa0f,Mónica,Guerreiro,2007-01-02
0f6fb3cc-6600-3d72-88b9-84ab922f8dd4,Vitória,Araújo,1989-12-30
fa41c9e7-4340-3590-baf2-ed0d33992b14,Maria,Pinho,2011-03-03
7658db24-2ebe-3657-8286-19d85b4a7844,Fábio,Oliveira,1989-08-07
395d1c15-241e-35f3-926d-a6a89c55169b,Duarte,Fernandes,2017-12-14
428ec4c0-c973-3d2d-92d9-a1da8cac939d,Artur,Rodrigues,1973-01-08
bc19fafc-34de-38e9-86ce-42cfbfcbdf9b,Luísa,Silva,1981-12-22
a3f04985-35b3-35fd-9954-7b7c3a574676,António,Correia,1990-10-03
7ba7d3ca-3fd4-3d41-a8b4-56c94bbf383e,Márcio,Simões,1988-02-15
290c34ff-3c22-3615-80b8-1cac879f4053,Bruna,Costa,1995-07-11
cc5163c1-635e-3a5c-887b-df6dd62f7242,Erica,Mendes,1999-04-02
0726e9ec-560b-34a2-ab98-6f39ad564330,Ângelo,Coelho,1973-06-28
1c9790e6-69b9-3e0e-8529-9d25e2972c14,Paulo,Torres,2009-03-03
0bf9b19b-f710-363d-9bea-72b709e7ccd7,Catarina,Neves,1987-09-27
8e8a4991-8e7c-31ee-b5ca-3ba942d66221,Rita,Matias,1992-11-08
4c2e01ce-8fdd-38cf-81a3-33d50eb14e5e,Sofia,Alves,2013-02-01
2daf3b7f-2c58-3728-bad3-24b3576823cb,Maria,Tavares,1994-03-23
f0e8e1e4-e010-3b0a-af6f-f334ae6db3c7,Salvador,Moura,1982-01-11
6ece181d-16ac-3283-8f46-2f013f5617cd,Diogo,Nunes,2017-01-21
8ae3cb1d-a1bc-30c4-b626-baaac22b51e1,Sandro,Figueiredo,1991-04-22
2153901f-9be6-39be-8a8b-a6f006d06726,Dinis,Vieira,1979-12-23
c0031c1e-2315-3617-92df-5ff88d97aa82,Santiago,Nunes,1998-03-13
2ea839e2-f0b2-3395-b6d4-970aa1a26c8a,Benedita,Faria,2015-03-02
974a0212-90e4-3017-9318-e8367c8d93e2,Vítor,Antunes,2019-04-01
f2a74960-383f-3ffc-a1bd-b01bd206c43b,Maria,Antunes,1975-07-30
3d875731-0dea-350a-b040-c01285c26671,Érica,Batista,1992-06-03
4067b480-8524-3c34-be5e-c670376cccc7,Tomás,Batista,1992-11-29
3a32d516-0127-3cd6-a9e0-d6a1e9eaa8ef,Gabriel,Martins,2004-01-16
694621de-ceb2-39d0-837f-e6df146d1422,Duarte,Loureiro,1970-11-30
b78b50fa-b2e3-3904-9826-e1514c55036c,Núria,Fernandes,2009-12-17
7dacafb6-dd66-30c7-bd6f-e7b623a6c39d,Gabriel,Magalhães,1986-07-03
c1b06e86-9ab0-3edf-a16b-fb94fec84f97,Nicole,Pinto,1986-11-20
acd8de9b-2d18-3273-a9a4-263cfdc9538e,Vera,Henriques,1995-08-17
6725efd1-a522-30ef-859f-ab530f754363,Rafaela,Domingues,2006-09-09
722a91d5-b7fa-3360-baa4-6854e0b0c8ca,Irina,Nogueira,1973-08-27
6640c966-7d57-3b85-adc5-0dc8243b033d,Patrícia,Lopes,1986-11-22
a0cbb7fd-6b87-3179-8b8c-8dd9f6620275,Gonçalo,Miranda,1992-06-11
7a881099-9423-3221-8b28-c37b9a485fd3,Salvador,Nascimento,1989-03-05
ba0f4afc-6671-34f6-b34d-be26a95b423a,Vanessa,Vaz,1995-01-19
a0c05ef1-5208-3d62-aecc-1aa498a0dde4,Tiago,Vaz,1996-05-05
dc9ab7f2-b027-36e6-a0d8-3ffcef99e439,Raquel,Antunes,1970-02-12
431878f2-23a6-3b21-ab5c-f1db5a0d023e,Tomé,Brito,1996-11-14
4874c573-a065-3465-8ecf-74508b13e31f,Liliana,Henriques,1976-12-20
48dca29f-5e5d-3e30-a103-22709d4dd684,Gaspar,Machado,2018-09-30
ac72ad6e-6fdd-3190-abb1-6823d021746b,Rúben,Baptista,1992-09-11
bbe37f40-2968-3a0a-8f61-83acd4f0577f,Camila,Pinho,2000-12-24
d35b28f9-e6e0-36da-a78c-02d264621e31,Juliana,Lima,2008-03-29
3a4b2387-0fdc-39cd-86a5-8da78202f03c,Fabiana,Soares,1990-01-31
0886f9c4-4b68-3ce6-9f1c-f24f613cc46b,Ema,Azevedo,1986-10-21
16026c62-efb9-34af-b895-b8b5275e3987,Pedro,Carvalho,1976-10-19
5c0b355a-036a-3971-b0b2-476ecd28bc26,Mafalda,Ribeiro,1982-07-15
13dcc31d-9ef5-3c44-a63d-9bdec3807ed4,João,Abreu,2001-01-02
8489b1f4-a33d-34b2-aca7-b08c6892b9fd,Melissa,Lima,1970-03-11
